,index_code,name,const,hot,601989,600409,601600,000839,000792,600256,600312,000400
0,000001,上证指数,1478.0,,0.04361888909582924,0.8370395068552909,0.7963975666529843,0,-0.4398999170037443,0.295911550897045,-0.4959596846704646,0.26467491928301623
1,000004,工业指数,977.0,,0.14628589280112128,0.8077913756021072,0.7458231356122051,0,-0.32999148968602776,0.34065313214672904,-0.399755379368937,0.31289887106687303
2,000009,上证380,380.0,,0.43659612092350336,0.5884045053123548,0.4129491911461391,0,0.09562071613878997,0.32611182683633994,0.06404663599023386,0.4669627400605646
3,000010,上证180,180.0,,-0.23249943047211455,0.7880133511675566,0.8975267403624628,0,-0.6234426268523053,0.28104990237139643,-0.7392890300813235,0.007662903404927544
4,000015,红利指数,50.0,红利/高股息,-0.15169972243851715,0.8253576481912306,0.8284970099075354,0,-0.6415727802555437,0.2413328266259632,-0.6586186998149018,0.1430611293298411
5,000016,上证50,50.0,,-0.2874738538485674,0.7577184677495696,0.8965682710499199,0,-0.6505192151848075,0.2734107484617438,-0.7790727822362629,-0.04629386300125354
6,000018,180金融,47.0,,-0.3251221492935504,0.7580845079155082,0.8996086987599938,0,-0.6316347309142393,0.23484723099037044,-0.7656562321368666,-0.0641270318566482
7,000019,治理指数,295.0,绿色/ESG,-0.1483140418714355,0.8315850442231758,0.8703369364334944,0,-0.6057909910490996,0.2841227651737365,-0.6698400499476876,0.11272029212060293
8,000020,中型综指,465.0,,0.7268705064927911,-0.2980839948877404,-0.6090040562626332,0,0.782954843346697,0.02736392086804253,0.8867752947302768,0.5041838631578491
9,000021,180治理,100.0,绿色/ESG,-0.23174793009706526,0.7978379207339659,0.8856782492229974,0,-0.6560338162423033,0.27134049363729457,-0.7397965307132578,0.029786506861099002
10,000025,180基建,23.0,,0.07287225645356421,0.8358008459566854,0.6411553208018378,0,-0.6475871185638068,0.13169615215775374,-0.47734824750563115,0.4428706348221332
11,000026,180资源,19.0,,-0.21679396168507548,0.8562922055045521,0.9132996405688575,0,-0.5364097583560725,0.277999727467654,-0.6758806205685839,0.04416770544367405
12,000027,180运输,9.0,,-0.3605068345792318,0.7187175376151498,0.893806839100377,0,-0.7299532176241746,0.2605170160798721,-0.8393942329653851,-0.10392962243509528
13,000028,180成长,60.0,,-0.2930885122805306,0.7150055177850627,0.8905666696892897,0,-0.6028784281559454,0.3060258274047828,-0.7678802538190787,-0.09189031075778818
14,000029,180价值,60.0,,-0.2723107507790115,0.7893515675027246,0.8771829923075741,0,-0.6887463613583481,0.24583559547075248,-0.7618951938409975,0.01152046912713496
15,000030,180R成长,145.0,,-0.26409308470307485,0.7158448786404816,0.907420481793608,0,-0.5563149908263425,0.3194775293813119,-0.7515685786572083,-0.09333018517891688
16,000031,180R价值,145.0,,-0.20270348407895808,0.8292486134499386,0.8754962677124396,0,-0.6631783774025942,0.24900537789750632,-0.7180122983689324,0.08418866230492773
17,000042,上证央企,50.0,国企改革,-0.17968434815405865,0.8217648427992037,0.8775996674112756,0,-0.6597767963891594,0.27095287739048646,-0.7232400651969252,0.08098378778795981
18,000043,超大盘,20.0,,-0.12371388372687384,0.8180393326902815,0.8304647267423947,0,-0.6441495668382635,0.2670227036665934,-0.6805272217305229,0.1548591141865149
19,000044,上证中盘,130.0,,-0.06243478877092807,0.8391661436895319,0.8622277822442943,0,-0.5169046006730322,0.2956533294159861,-0.5930891438492983,0.15945088656075246
20,000045,上证小盘,320.0,,0.41453903915709733,0.6147759149912222,0.42735249332170683,0,0.0849403819857904,0.2956874445020634,0.06477118223021457,0.4732700766110497
21,000046,上证中小,450.0,,0.13702641521573491,0.807652774834186,0.7425699764271751,0,-0.29939412355260747,0.3185497630853822,-0.3575988992764869,0.3058948602862732
22,000047,上证全指,500.0,,-0.1469200085005194,0.8115372632779204,0.881362264778604,0,-0.5536771186160693,0.3003456807748814,-0.661672089890201,0.08111113812468015
23,000048,责任指数,100.0,绿色/ESG,-0.2641582720868028,0.7782621763610758,0.8835822127016082,0,-0.6618004117945672,0.2625046371901573,-0.7517841259478819,0.0013670487985894381
24,000049,上证民企,50.0,,-0.21711268076730944,0.7044136514785176,0.8896110468858321,0,-0.4802971537014585,0.3391993465522697,-0.6852268173764602,-0.07884371537430376
25,000050,50等权,50.0,,-0.11007245999758436,0.8456339174892767,0.8401444708328644,0,-0.6202109576614422,0.25511629661182017,-0.6526416780054374,0.17326312586866166
26,000051,180等权,180.0,,0.0643416321889311,0.8780218844656523,0.7857600342647887,0,-0.4554076317131153,0.25336194038584653,-0.4646915148962902,0.32562260977785584
27,000052,50基本,50.0,Smart Beta,-0.2217652543854842,0.8114984633298216,0.8652440576931723,0,-0.6772981356454866,0.24387104995410516,-0.7363971993328479,0.07324722520761136
28,000053,180基本,180.0,Smart Beta,-0.19309557681921577,0.8295876471229816,0.8645137276140709,0,-0.6685016943402822,0.24596709459949403,-0.7153438270536023,0.10393994955786347
29,000054,上证海外,49.0,,-0.33207672601062305,0.7530099631566585,0.9163757870230133,0,-0.6650737444231976,0.26170713285922154,-0.8073800649394353,-0.08836583667039084
30,000055,上证地企,50.0,国企改革,-0.15846516939254954,0.815130500614193,0.854155627970256,0,-0.5473248868817119,0.2668595997618303,-0.6427624761280845,0.10561592311644474
31,000056,上证国企,100.0,国企改革,-0.1721196885314783,0.824959094269411,0.8743231347791522,0,-0.6192778121908682,0.2716208067075721,-0.6959892403300795,0.0917243733976671
32,000057,全指成长,150.0,,-0.29022849931627165,0.7032686234822751,0.893887837093108,0,-0.5830737624592303,0.3129147485275288,-0.7644498257049147,-0.10678943777837853
33,000058,全指价值,150.0,,-0.25731937822880024,0.7883977430599378,0.8832164552846613,0,-0.6675826451395108,0.26009677538600867,-0.7551096152833491,0.013029341744187793
34,000059,全R成长,399.0,,-0.13105984245512967,0.7231469638202445,0.8615344784538752,0,-0.4091223654272779,0.33738419526482,-0.605283069943166,0.008234818392766251
35,000060,全R价值,399.0,,-0.15561362632076958,0.8413188931392875,0.8746058946661228,0,-0.6226410603538777,0.2716852433958268,-0.681752674400837,0.11678998894611847
36,000062,上证沪企,50.0,区域,-0.038125696595503904,0.8598102010368398,0.7956819026591323,0,-0.5787294100481171,0.21719423260854945,-0.557358506811585,0.26706984701148223
37,000063,上证周期,50.0,,-0.32334035974535563,0.7430394693104433,0.9101393369595215,0,-0.625729926613064,0.2783277942085509,-0.7824639184185299,-0.09914459853089418
38,000064,非周期,100.0,,-0.11110698231262367,0.7959479651905117,0.8454318608088516,0,-0.6071027415136016,0.27916841237974416,-0.6717188924693968,0.1263629354915679
39,000065,上证龙头,73.0,,-0.17070971792016396,0.7998744053457114,0.8590031843855473,0,-0.6107358396674284,0.26055187919953254,-0.6857930125592734,0.09492019630060913
40,000066,上证商品,50.0,,-0.16153218031203034,0.8873944885694784,0.8942308343074586,0,-0.5018456788660265,0.2567150166477098,-0.6123285101781397,0.1290817898377469
41,000067,上证新兴,50.0,,0.0071442083571831155,0.761236628972947,0.8324782855520096,0,-0.3170881664722849,0.3075460488741307,-0.48847989618121856,0.13552783691702253
42,000068,上证资源,50.0,,-0.11486073169290933,0.8724010360538135,0.8627041289861732,0,-0.43263118844698584,0.2721594130225642,-0.5539633079027425,0.15659130983557168
43,000069,消费80,80.0,,-0.2674432207844864,0.7142213079557884,0.8662835991941173,0,-0.5968010117952827,0.2640294176289353,-0.7454296191888731,-0.04078722757405081
44,000070,能源等权,30.0,,0.2914790135231956,0.7477497675859641,0.49492938317956553,0,-0.09874219326071113,0.28092920395279003,-0.04688543457591605,0.468479271214001
45,000071,材料等权,50.0,,-0.1094586297846521,0.9187246990492437,0.8696942588186062,0,-0.5138561634580205,0.24454102214778242,-0.5737825100359242,0.20378975884798503
46,000072,工业等权,50.0,,0.4366033261514509,0.7665668232559346,0.5380903019924762,0,-0.3175892668100207,0.3186990744709956,-0.19000104760572653,0.5556377936277883
47,000073,可选等权,50.0,,0.6069409809217559,0.37046664523903644,0.018381435857364025,0,0.2506734779387023,0.10385786744639615,0.38412645402796014,0.7060965722047193
48,000074,消费等权,30.0,,-0.09692938837710434,0.7371910571996171,0.8502073892381814,0,-0.3958985160040108,0.32896432497622696,-0.6054317276151618,0.07960520052293243
49,000075,医药等权,45.0,,0.17483959305877525,0.5941750829468507,0.4825855516636809,0,-0.1465685980118298,0.2517531163619417,-0.14689931946444945,0.31241348897106136
50,000076,金融等权,30.0,,-0.2778315549296221,0.7879370020331473,0.8863738381716056,0,-0.6296589809365982,0.2267411069468174,-0.7331406559811456,-0.0013548891156995532
51,000077,信息等权,41.0,,0.3967111608941096,-0.5548010092153216,-0.5481495420525309,0,0.8518739663554197,-0.01211209229758339,0.7223069002747631,0.03620402078588193
52,000078,电信等权,18.0,,0.3345879822475153,0.729854783757434,0.5044855060388939,0,-0.18284070042234724,0.2293276533485471,-0.13855123836625352,0.5543957880420852
53,000079,公用等权,30.0,,0.7080811416794277,-0.3169026416713413,-0.6919918206755898,0,0.6111908131303387,-0.05679380545425574,0.8923964019141417,0.5220645149629808
54,000091,沪财中小,200.0,,0.5595733678171465,0.5445502392915135,0.2053452010986496,0,0.20558095954153072,0.18186910312119717,0.28521386949054234,0.6703889292597437
55,000092,资源50,50.0,,-0.17256459163551793,0.879832314755982,0.900036645589827,0,-0.5134321143578738,0.27118502627934626,-0.6291598231066421,0.10553996341674164
56,000093,180分层,180.0,,-0.03655862046648006,0.8720329378244116,0.8386573197270909,0,-0.5137171700927206,0.24879225343128902,-0.5572862479890146,0.23740069087842872
57,000094,上证上游,55.0,,-0.10791788461307665,0.8772994986813218,0.8640461878993442,0,-0.44693830586596534,0.27977497826339603,-0.561240946085682,0.16322671073357065
58,000095,上证中游,172.0,,0.20942013122284697,0.8342715011229729,0.7379416381508622,0,-0.4034221294807916,0.3410477400941889,-0.3982331209965103,0.37126380393049735
59,000096,上证下游,178.0,,-0.16560489003761178,0.7338478763728877,0.8493710844699425,0,-0.5159191909956506,0.3029674887482133,-0.6620792846161058,0.03391365407452304
60,000097,高端装备,60.0,,0.8657269050196775,0.013653240766115397,-0.3324325588189187,0,0.6099727730257909,0.13298704995088925,0.7373261961130396,0.636268063428427
61,000098,上证F200,200.0,Smart Beta,-0.17744746266919825,0.8401724434039504,0.8598565649222605,0,-0.6653189507946841,0.24741917060002655,-0.7018014046811494,0.12502423161712567
62,000102,沪投资品,50.0,,-0.07551694633950223,0.8710137887247158,0.9086029830657586,0,-0.4886040799449329,0.3191418986696683,-0.613097598305983,0.14112364764705237
63,000103,沪消费品,50.0,,-0.20686170481659605,0.7244836077614916,0.8260542112863045,0,-0.5673827112039346,0.26359496041698677,-0.6765017488516599,0.021722301050151504
64,000104,380能源,15.0,,0.5518242985102204,0.40565077361762236,0.16555164441227105,0,0.22924903684513515,0.5222922006330931,0.25782988833041376,0.40352697913631264
65,000105,380材料,54.0,,-0.04513036810059874,0.8948806950744299,0.8568414633452083,0,-0.49385191264363054,0.2962886269560994,-0.5676245500388332,0.23183203597997143
66,000106,380工业,110.0,,0.7247707382262539,0.30167511648478484,-0.05169849442882,0,0.4094963723268285,0.15189095043257095,0.5361704620275288,0.6501998466963008
67,000107,380可选,67.0,,0.6283792448403609,0.3332898199828101,0.05685788250778443,0,0.2785001520418975,0.19773520527940092,0.36127138089074623,0.650316474360713
68,000108,380消费,21.0,,-0.10470034732064812,0.6508654281825197,0.7949858533085974,0,-0.33201141443008325,0.3491531909856222,-0.5616110359606791,0.017365483952780217
69,000109,380医药,36.0,,0.33198760624269763,0.3435833647340323,0.23613595525561154,0,0.1528491727035481,0.2713271488435118,0.12202804309087877,0.30489890542625947
70,000110,380金融,21.0,,0.6400912484991477,-0.38395790145465336,-0.6214633378444334,0,0.7960279689655114,0.07197592181603585,0.8706661131536744,0.3088355999333604
71,000111,380信息,30.0,,0.2708846222981658,-0.4069656277796325,-0.23869010726383938,0,0.7365823458604023,0.15073132613917894,0.46175852880645685,-0.13552252930291409
72,000112,380电信,7.0,,-0.14636390746056158,0.6831688807989738,0.7907173287800398,0,-0.39425540565405426,0.2546658137947012,-0.5539534800626248,0.03148970306615471
73,000113,380公用,19.0,,0.727454011734317,-0.06654918640243129,-0.534135346211651,0,0.4236896501344141,-0.03298047660697237,0.7981680908581108,0.6649240132054823
74,000114,持续产业,40.0,绿色/ESG,-0.14316569039935687,0.8138269953780793,0.8399691073661162,0,-0.5716867145774668,0.17921654342655693,-0.607685807780256,0.15046637806673502
75,000115,380等权,380.0,,0.6338064395327276,0.3583431701332098,0.027099074909867227,0,0.37548082243164155,0.1872306601151747,0.4517491799770831,0.6377200152950826
76,000117,380成长,120.0,,0.1927965751912578,0.5207561015893547,0.5375433178755005,0,0.04646604334726369,0.3278362202012484,-0.1290685145829432,0.20148017667818485
77,000118,380价值,120.0,,0.061704693652690386,0.8722728609406065,0.7540640009339475,0,-0.4437101320779147,0.2906533746681717,-0.43296747377167344,0.3284491417082779
78,000119,380R成长,296.0,,0.5036255620709785,0.19583277296343668,0.09519869208973786,0,0.47312831276163836,0.26427899863184134,0.359550893365532,0.34246428544421964
79,000120,380R价值,296.0,,0.31463474991288054,0.7970125138769932,0.5930940182328958,0,-0.209932566870838,0.32186003141628455,-0.174660276993505,0.4878306048736064
80,000121,医药主题,50.0,,0.42821242983954205,0.29872763062271296,0.13473145836369543,0,0.2531981243281145,0.2628454544513005,0.2506554127681598,0.3604518995285912
81,000122,农业主题,40.0,,0.25590334097945006,0.5408881432274971,0.6255379093236794,0,0.033421459282434486,0.4765799086563038,-0.23468667052983708,0.16107456141938223
82,000123,180动态,90.0,Smart Beta,0.246120305334016,0.7153415175950409,0.6499112676390588,0,-0.21524804222535282,0.40156453614523857,-0.27664054000742755,0.30253453852344864
83,000125,180稳定,90.0,低风险,-0.3056202798551047,0.766514531424657,0.9000533110413705,0,-0.6671659550372564,0.2462701789301501,-0.7861823422876737,-0.04181167404569424
84,000126,消费50,50.0,,-0.2242582918885302,0.7331082122753608,0.8568179286658602,0,-0.5722812288263868,0.2672843093828549,-0.7135305445590799,0.005333230072426334
85,000128,380基本,380.0,Smart Beta,0.2721174750598462,0.8318081868655022,0.6203726548715509,0,-0.2533693479628684,0.2821365098856894,-0.20662565766301702,0.49053467472157375
86,000129,180波动,100.0,Smart Beta,-0.17130215526140816,0.8521487832920247,0.8495048533153067,0,-0.6653512730880419,0.19864360709598117,-0.6822999001354997,0.1605507325613187
87,000130,380波动,100.0,Smart Beta,0.22261228828507304,0.8125245069839265,0.5438478558207304,0,-0.3271306682406925,0.1761180006790514,-0.1997123263678769,0.5495049458588959
88,000131,上证高新,50.0,,0.3629525439445231,-0.2762346994121134,-0.1911469696092529,0,0.7653266971042612,0.14955486970911747,0.4835537973582872,0.04651694747231192
89,000132,上证100,100.0,,0.3599748369435587,0.5902247370135115,0.4498304290210292,0,0.00800388647217135,0.32020000161814205,-0.023305324542794666,0.41167545906201425
90,000133,上证150,150.0,,0.7185316796045244,-0.21190111284251165,-0.5174557796777395,0,0.7586426680229398,0.06368596930585496,0.8406693388946883,0.5053971054883003
91,000134,上证银行,22.0,,-0.23708344068060613,0.7965758666253278,0.8537715874883792,0,-0.6068644323352024,0.2505491884162356,-0.6898663114284401,0.027781517282684458
92,000135,180高贝,60.0,Smart Beta,0.2998661490855301,0.8596141087257592,0.5632733882600128,0,-0.30021648854733657,0.1671660211528565,-0.1792664528377163,0.5979878501683693
93,000136,180低贝,60.0,低风险,-0.22649017182213013,0.8304661851226293,0.8627656194114531,0,-0.6805991782301822,0.19155494302236878,-0.7147333888051877,0.10412956645292992
94,000137,380高贝,100.0,Smart Beta,0.7023245839133652,-0.17192716864383814,-0.447886697955635,0,0.7649194414693937,0.07880378967478896,0.8103208561535731,0.4683368213906307
95,000138,380低贝,100.0,低风险,0.18847905513821642,0.7315447501334723,0.527330864081223,0,-0.226027688798219,0.20952889949785483,-0.16387198382296927,0.47245656764806465
96,000141,380动态,190.0,Smart Beta,0.7095244676301186,-0.03819776924197584,-0.2598521624483123,0,0.6953054228546575,0.20311813379542346,0.6837538515608299,0.43867896697866204
97,000142,380稳定,190.0,低风险,0.12346669339543152,0.7896963044334061,0.7000087005168772,0,-0.3147509471033179,0.2986869724490629,-0.3473856953756864,0.3319978818415712
98,000145,优势资源,46.0,,-0.16266776370303643,0.8729134700798099,0.8645039173442554,0,-0.45159051238715614,0.22312743405635635,-0.56716684902457,0.14564029367473538
99,000146,优势制造,50.0,,0.7690568439447983,0.07617654189573117,-0.11571340895326528,0,0.5577857842893191,0.2629605167721547,0.5728099940006267,0.4264573882224463
100,000147,优势消费,50.0,,-0.1967478097676744,0.7054081004335946,0.8217148667212248,0,-0.5178324912088588,0.27832107940130785,-0.6544905995280368,0.009890649966241862
101,000148,消费领先,100.0,,-0.21175246719897503,0.7474242957718837,0.8757972930772391,0,-0.5477505017100477,0.2674354555990487,-0.6999036684390898,0.012834395079643037
102,000149,180红利,30.0,红利/高股息,-0.2837315349101525,0.7923801983426221,0.8768600711112827,0,-0.6850075366897196,0.22867342353706943,-0.7611666467137475,0.011941771321771618
103,000150,380红利,30.0,红利/高股息,0.005629929386523698,0.8778677124475485,0.7743186665532721,0,-0.481429056618995,0.2290276168093556,-0.4576398424638399,0.3203509029075188
104,000151,上国红利,30.0,红利/高股息,-0.24523816271883286,0.814120394543065,0.8512380042195534,0,-0.6931184392811295,0.20684100911266443,-0.7222335734926296,0.07448021016218194
105,000152,上央红利,30.0,红利/高股息,-0.14981646414212646,0.8556773462026219,0.8316830225921346,0,-0.6847598035538642,0.21027794098800057,-0.6759571181791889,0.17243940066648278
106,000153,上民红利,30.0,红利/高股息,0.017323366982097507,0.6665721706348307,0.7512862043891625,0,-0.36643720150926035,0.5000294241987793,-0.5075207094543757,0.06379223081392064
107,000155,市值百强,100.0,,-0.25746614012831337,0.7735117743690904,0.8976875926279152,0,-0.6311520350906045,0.2807808312211176,-0.7566965681541709,-0.01966214488929133
108,000158,上证环保,40.0,绿色/ESG,0.5037901855673537,0.2816047410354603,0.13106354380591487,0,0.33737181667287197,0.10756571327173564,0.3154250551429916,0.45017268557452217
109,000159,沪股通,573.0,,-0.13971463698288922,0.8089749960506738,0.876302804416253,0,-0.5514771766010653,0.30341699959878154,-0.6574651184556752,0.08549300327046756
110,000160,沪新丝路,52.0,区域,0.3243863634511284,0.7939946887810223,0.5776856685172785,0,-0.44467618720985286,0.2923205850867507,-0.30415606289937197,0.5164837468083122
111,000161,沪中国造,141.0,,0.6199624418348616,0.1374601771855634,-0.07932894087485126,0,0.6015711383875836,0.1381917876173065,0.5492688128426785,0.4825099261474121
112,000162,沪互联+,60.0,,0.4294464209792173,-0.1341026207769981,-0.09613330656828058,0,0.6943000969052339,0.22982707927829302,0.46427842150007986,0.11565944976800831
113,000171,新兴成指,100.0,,-0.6602278817925539,0.2967141131980295,0.8899523083072549,0,-0.27215898131483784,0.18043958981989133,-0.9002370347723048,-0.7348996897555281
114,000921,300R价值,228.0,,-0.24831960259840746,0.7865513940622547,0.8712637842641788,0,-0.5675453039258322,0.2688441958945033,-0.7905081239343315,0.07369387736899786
115,000300,沪深300,300.0,,-0.2632341216790442,0.7531337155578448,0.9010735240404109,0,-0.6049022421125844,0.2812491649264934,-0.7500093557450561,-0.03908258187428908
116,000801,资源80,80.0,,-0.16883963810881417,0.9078092066872302,0.9106776978398557,0,-0.480933468257099,0.2327665240862762,-0.681529997066304,0.2189951070667409
117,000802,500沪市,235.0,,0.355788577560945,0.6643377131427203,0.5073555229518784,0,0.031680494996164175,0.3076110434456863,-0.020498353384025128,0.43168808711123846
118,000803,300波动,100.0,Smart Beta,-0.2104142440536851,0.8545590704405279,0.807137290844794,0,-0.635571393085739,0.13478494261271612,-0.7070903292206471,0.25977756538339675
119,000804,500波动,100.0,Smart Beta,0.06854695634939292,0.8573823890477303,0.6492965132129416,0,-0.514644702881369,0.0761186666008897,-0.4200312332377696,0.5477813885035292
120,000805,A股资源,50.0,,-0.051349166360629285,0.8855142373013029,0.801694432005158,0,-0.38953915921824955,0.22879450899271309,-0.45671446508039587,0.2537273936099582
121,000806,消费服务,100.0,,-0.32591705438483454,0.6703276765872406,0.8891420039612519,0,-0.5625546239499994,0.28284754238083804,-0.7700888813052995,-0.1355467118551677
122,000807,食品饮料,50.0,,-0.3034164778055561,0.6805476340002173,0.878720312682426,0,-0.5570517287137935,0.29982369211511456,-0.7656981812332567,-0.11123496998163028
123,000808,医药生物,100.0,,-0.11730439906202485,0.5908828331707234,0.6906426138828872,0,-0.3411743298254021,0.2803194302609265,-0.4785370812036333,0.029109420398731375
124,000809,细分农业,50.0,,0.46556204833084647,-0.38576284278892353,-0.0909296234509661,0,0.6907947577009061,0.3876268306542179,0.3236843913942841,-0.19311275632025754
125,000810,细分能源,50.0,,0.0478395182436247,0.8849019756469846,0.7629960666597188,0,-0.420866750116462,0.27163598443574505,-0.4655465023103586,0.3623601042139492
126,000811,细分有色,50.0,,-0.14798918489702825,0.9159251315530982,0.8890354156382976,0,-0.40631906169826276,0.15550805573821105,-0.6005243371339118,0.26294626587046865
127,000812,细分机械,50.0,,0.2104327675348562,0.6460255064153159,0.8096237931103053,0,-0.15238709455978708,0.42803812549171355,-0.47710360094696685,0.12193352413617307
128,000813,细分化工,50.0,,0.04496311248080475,0.8268246525358546,0.8525570147526461,0,-0.3277617685809392,0.3274720831410678,-0.545052863028038,0.25251722091747647
129,000814,细分医药,50.0,,-0.22086348908759643,0.6866266036819436,0.7911035362230797,0,-0.5384113477651429,0.24674479293970014,-0.6411296003439202,0.006265696866635956
130,000815,细分食品,50.0,,-0.27889446191485895,0.6966527518725312,0.869605317603133,0,-0.48501439580289357,0.3258485332802099,-0.8236978944412163,-0.02415376298349193
131,000816,细分地产,50.0,,-0.08574465612619157,0.3098331357243876,0.5440302609148133,0,-0.1389164588291286,0.454045793996884,-0.3898231512637317,-0.24423420801618925
132,000818,细分金融,50.0,,-0.32538762959221623,0.7634841182349392,0.9011803939606383,0,-0.5470869163421425,0.27210143932637293,-0.8242294929527597,-0.01175466340099678
133,000819,有色金属,50.0,,-0.20281003686335075,0.8108880267560843,0.8500536363999374,0,-0.3842884364182628,0.15801380757616398,-0.5563285812310601,0.10374251118264835
134,000956,国企200,200.0,国企改革,-0.1999935683232966,0.8150709622754583,0.8722691622438798,0,-0.551878968493418,0.263463999495504,-0.755232812208107,0.12176904644269447
135,000820,煤炭指数,29.0,,-0.16134931889195447,0.9306854210743978,0.8763920900423505,0,-0.5079299283964132,0.2157640363566926,-0.6308551457201722,0.2537908055731394
136,000821,300红利,50.0,红利/高股息,-0.28597017912115263,0.768515278249985,0.8792916746658341,0,-0.6682718474625714,0.24085585493317638,-0.7672508721239077,-0.013453451201281563
137,000822,500红利,50.0,红利/高股息,0.2500472684760664,0.834917253615087,0.6636593999778667,0,-0.330031698748517,0.17784406104573297,-0.31179175619848526,0.5403738410695373
138,000824,国企红利,100.0,红利/高股息,-0.21575815068592305,0.829705138240586,0.819966150930921,0,-0.6109218162859676,0.1922716487041703,-0.7294917322590774,0.19138580162319754
139,000825,央企红利,30.0,红利/高股息,-0.17929853573279766,0.8277994217344482,0.8203584433068153,0,-0.5847406709636033,0.2335877200225078,-0.7124999905683592,0.1685638726514545
140,000826,民企红利,30.0,红利/高股息,-0.0014804003184553578,0.8106383037756418,0.7691946998003528,0,-0.46517092568332113,0.26265112832792215,-0.562625673824988,0.31498952621726406
141,000827,中证环保,100.0,绿色/ESG,0.35598168776283257,0.468830884924455,0.31387090738940676,0,0.16083592271224512,0.11573819885616368,0.11405082294792025,0.480319442232956
142,000828,300高贝,100.0,Smart Beta,0.5041634203857682,0.5134699939733539,0.2823497198969631,0,0.19568522454551662,0.2424059372769661,0.19340537103978203,0.5128674394863132
143,000829,300低贝,100.0,低风险,-0.21606939110487125,0.8152267530360373,0.8361875663983559,0,-0.5987005316150656,0.20061896097528797,-0.744008644542657,0.18419449573935812
144,000830,500高贝,150.0,Smart Beta,0.4853975840875492,-0.04494784920352421,0.04271295089812619,0,0.6022213089970678,0.12723815247277573,0.3697934383966463,0.17768954285327976
145,000831,500低贝,150.0,低风险,0.05611340987951362,0.8431737893750247,0.7516107046551864,0,-0.4525310109204963,0.2031302834109446,-0.5053677192677712,0.41478508549981563
146,000838,创业价值,100.0,,-0.062457815246184496,0.881408567896741,0.8554849643364233,0,-0.47974138537893,0.26115427855290285,-0.6191854036499258,0.2953806487508407
147,000839,浙企综指,406.0,区域,0.0,0.0,0.0,0,0.0,0.0,0.0,0.0
148,000840,浙江民企,348.0,区域,0.5404972121725895,-0.09018317954788699,-0.05126078757410253,0,0.5368991071467792,0.15017402151307874,0.4189354397300399,0.2663090515297758
149,000841,800医药,65.0,,-0.12406661748089674,0.6792632731616287,0.7248906512917258,0,-0.45532835077097833,0.2508334514967648,-0.5272854281689779,0.08729415816915854
150,000842,800等权,800.0,,0.3098416988229938,0.6839379343273474,0.5012781462638811,0,-0.03214781364793813,0.2323060112481727,-0.05021158209284589,0.4755604502952483
151,000843,300动态,150.0,Smart Beta,0.17179988707741745,0.5126117159525062,0.6989665611097163,0,-0.006573610327235622,0.47379267657473495,-0.36651561740326033,-0.03097840151875702
152,000844,300稳定,150.0,低风险,-0.28759637609307065,0.7607908446423679,0.8709695910396741,0,-0.5708271583560205,0.2573864118936496,-0.8170614962102182,0.0452111415657248
153,000846,ESG 100,100.0,绿色/ESG,-0.22035720843520307,0.8141607420744915,0.8881458442430549,0,-0.6610702268196427,0.24683111821729162,-0.7379663587889245,0.05936862745395872
154,000860,结构调整,100.0,国企改革,,,,0,,,,
155,000901,小康指数,100.0,Smart Beta,-0.06821140194111769,0.8612162880196169,0.8157174078761712,0,-0.6491898036668151,0.24473920990435752,-0.6371964468174784,0.2427013530098983
156,000903,中证100,100.0,,-0.3193044851072849,0.7279679774633727,0.9022434040230636,0,-0.650244466536173,0.27059711186955104,-0.8002663224423945,-0.0923663511312137
157,000904,中证200,200.0,,0.042963365200850326,0.7457844669929258,0.7527006477596352,0,-0.2899684915141366,0.29486328714725574,-0.394734400427579,0.20913191874665746
158,000905,中证500,500.0,,0.359603464864729,0.5555775257438408,0.3943572503143141,0,0.14552966925946947,0.2271650360063391,0.08476421906481431,0.4440075345285801
159,000906,中证800,800.0,,-0.17702230922285977,0.7760466623465472,0.8820586583547506,0,-0.5226347860919849,0.29238762698407483,-0.6639730706788125,0.04063259775171512
160,000908,300能源,13.0,,-0.02998721361773629,0.8222796920159197,0.7751639603306073,0,-0.5753083973660048,0.36318348647528553,-0.5774692008732185,0.19702071314418143
161,000909,300材料,37.0,,-0.20346055954173742,0.8776115002344468,0.9274745852048166,0,-0.6051953137293076,0.24855378171340897,-0.7076673555513425,0.09061041172121763
162,000910,300工业,60.0,,0.24438031094975574,0.8008306778405225,0.6754841646460109,0,-0.46859342504118273,0.33692781823660223,-0.39799349867260725,0.41122794542017477
163,000911,300可选,37.0,,-0.3152287416995435,0.6851544444270941,0.8593213036677654,0,-0.6241363233686139,0.250471072894824,-0.7595842774165158,-0.09336305333621175
164,000912,300消费,13.0,,-0.35440343412285163,0.6489243892094826,0.8853631051172068,0,-0.6003875377013982,0.30128960515373654,-0.8151729579822773,-0.17948654361786354
165,000913,300医药,22.0,,-0.2556513988797778,0.7333559258693634,0.792548323289951,0,-0.6418965285631713,0.17946916145586786,-0.6877308981867849,0.04957451913693332
166,000914,300金融,72.0,,-0.30598977374901537,0.7132497075306755,0.886019523683948,0,-0.5666728350308512,0.2776908285633931,-0.7371566542260674,-0.10232930775986551
167,000915,300信息,28.0,,-0.27424998788555094,0.5635771405196388,0.8953916662299172,0,-0.31669735678293537,0.3238216771229575,-0.8188813553200204,-0.15770486716105214
168,000916,300电信,7.0,,-0.22004660766831421,0.7696923922720548,0.8533933725270509,0,-0.5689795126104024,0.17611116823055395,-0.7687688933684029,0.11834399617778082
169,000917,300公用,11.0,,-0.26572605524205606,0.7848253533268049,0.7326509522718535,0,-0.8057594459974474,0.025455724449596272,-0.6755410424938467,0.15763013719413171
170,000918,300成长,100.0,,-0.3382605094981334,0.6854210661407815,0.8951742629987166,0,-0.5980713833952979,0.2918323181109579,-0.7816482711133675,-0.14208590476368468
171,000919,300价值,100.0,,-0.30706638302932904,0.7549982342703007,0.887968091317113,0,-0.6793580067438921,0.2549661615156307,-0.7873763689843923,-0.04602991001550512
172,000920,300R成长,228.0,,-0.22233671277631953,0.7008646203836782,0.9176987138197389,0,-0.4174617034134434,0.3520455845848149,-0.8013398204018275,-0.04563995124078879
173,000922,中证红利,100.0,红利/高股息,-0.1662203149252785,0.8338607827723615,0.841251126356706,0,-0.6367536283087609,0.22633801712367288,-0.6646820936550395,0.14370907737310493
174,000925,基本面50,50.0,Smart Beta,-0.2530811948868821,0.7907415785360501,0.8701728429556195,0,-0.6913396978616856,0.24527787559729758,-0.7603329159324859,0.03398484873609218
175,000926,中证央企,341.0,国企改革,-0.05351937421640418,0.8593778928772938,0.8541267709156903,0,-0.5047848213156148,0.26034490536696275,-0.6472328049642017,0.24083972284139415
176,000927,央企100,100.0,国企改革,-0.17542630575980447,0.8164674013799347,0.8698399980560204,0,-0.5522705689009201,0.2791592483343567,-0.7457934581831858,0.11975789217022666
177,000928,中证能源,25.0,,0.14209690864421368,0.8361754085592902,0.7095296492404691,0,-0.3801172763715217,0.3984739341805282,-0.38006711400711374,0.32567195855325043
178,000929,中证材料,109.0,,-0.15934694547740597,0.9130528671532026,0.9120167888017877,0,-0.491554927289349,0.22777013030213114,-0.6822735515619769,0.22646348594594398
179,000930,中证工业,180.0,,0.34782268137319217,0.8088992568410972,0.6188335031955365,0,-0.33181518159962287,0.16035638157350907,-0.2509507571478283,0.5657153831123986
180,000931,中证可选,115.0,,-0.18347168614906686,0.7031968719788195,0.8182629209506549,0,-0.5238451024744919,0.26844806801838655,-0.6436513198979594,0.027628406079536483
181,000932,中证消费,38.0,,-0.33207609158028584,0.6665159164334525,0.8898904430290526,0,-0.5763306233067177,0.30184269673992087,-0.7937155057051932,-0.15020795516998967
182,000933,中证医药,72.0,,-0.09700246516693715,0.6406433813798632,0.688815806461265,0,-0.3929987681233555,0.25970228868331774,-0.4774724235577564,0.08463886965610778
183,000934,中证金融,116.0,,-0.28434169859852737,0.7225205071752415,0.8800916062176953,0,-0.5518007069688108,0.27956710626871517,-0.7154294463450742,-0.08111636347365751
184,000935,中证信息,104.0,,-0.25810636889854727,0.24970360811088013,0.588412254833768,0,-0.023808845411291475,0.14966806712383907,-0.3901478827284562,-0.2644755873856774
185,000936,中证电信,13.0,,-0.19447443491089245,0.7366732201304371,0.862091242220221,0,-0.5058987813874577,0.22805822281275687,-0.7623399729430359,0.10468573285055045
186,000937,中证公用,28.0,,0.3611560947520536,0.7206993051547784,0.2762113804283747,0,-0.4684778722838587,-0.1235895447787334,0.004133472394922481,0.7692744750377509
187,000939,民企200,200.0,,-0.22233741971330828,0.5774124322115248,0.8087738440093041,0,-0.32581254614428035,0.31423277153300794,-0.5843011584508293,-0.12634080170734258
188,000940,财富大盘,300.0,Smart Beta,-0.24590275759721494,0.7985924651711717,0.8825568345623351,0,-0.6566322632764794,0.2540791710718541,-0.7419941876442856,0.03063144716021666
189,000941,新能源,50.0,绿色/ESG,-0.07043058506060645,0.743212044304295,0.9083458123877828,0,-0.2338454359755692,0.2264797713854451,-0.6290955170338506,0.14455648905820218
190,000942,内地消费,50.0,,-0.28899124638448853,0.6901706873645727,0.8532994555971729,0,-0.5174693779125665,0.30676848409480106,-0.8250123641558498,-0.025875957953398098
191,000943,内地基建,50.0,,0.13430828155113947,0.8541520693117475,0.549460811461735,0,-0.5963861820232109,-0.015418084856930131,-0.34082040105614003,0.6002041240086001
192,000944,内地资源,50.0,,-0.1777795284848412,0.8688207521240313,0.8913447004385888,0,-0.4791166741000312,0.22729220040781,-0.6116473422125743,0.12536469375068385
193,000945,内地运输,38.0,,-0.048620421552539386,0.8385013441379451,0.8331665799638753,0,-0.505774905345323,0.2865094039676334,-0.6346507168600651,0.2523628991059561
194,000946,内地金融,50.0,,-0.32723589281751114,0.7649360878793166,0.9012877431609633,0,-0.5482526579693854,0.27009230190336125,-0.82435341743483,-0.010707936840961102
195,000947,内地银行,25.0,,-0.31529727925952594,0.7891033275542539,0.8658101281411706,0,-0.5657650485814014,0.26039793075140394,-0.7864103508917348,0.03733623035146499
196,000948,内地地产,46.0,,-0.04465819058068729,0.379288799863284,0.6347993810402939,0,-0.13125807266515066,0.5394117541931184,-0.5673726706811288,-0.255848328220859
197,000949,内地农业,31.0,,-0.21035653023586443,0.5618125189372233,0.9053857286921859,0,-0.24495879868282025,0.48070583726342936,-0.8042037495862148,-0.2043000393217822
198,000950,300基建,34.0,,0.04764693274538787,0.8390279532953014,0.6682518463290797,0,-0.6604435045698548,0.14103412258269019,-0.505167118276127,0.410210586318085
199,000951,300银行,21.0,,-0.25294892846263006,0.7833372723173629,0.8696483562616066,0,-0.60429581284071,0.2670785855903273,-0.7101515100235609,-0.006663778154680231
200,000952,300地产,16.0,,-0.2867135605627339,0.3031734706362605,0.6368514685337421,0,-0.3060032234454809,0.3965034966650461,-0.5853453337744837,-0.380404801970673
201,000953,中证地企,700.0,国企改革,-0.02105708663430549,0.8679076468558874,0.8188343684700949,0,-0.47325638456452745,0.21728881962990268,-0.5818472569785825,0.3296362749053138
202,000954,地企100,100.0,国企改革,-0.22215652451511286,0.8108527220129884,0.8713399705825446,0,-0.5494489551915459,0.24739601747428652,-0.7611698353970029,0.12342156180537732
203,000955,中证国企,1041.0,国企改革,-0.035770768159869605,0.8665792598776008,0.8374538554625354,0,-0.48879732598333914,0.23798545154010925,-0.613347253145839,0.2901743245512703
204,000957,300运输,18.0,,-0.32146771691260323,0.706809508054047,0.9111692990234149,0,-0.6761331847682779,0.3013342012243029,-0.8210485412355488,-0.1158631874353858
205,000958,创业成长,99.0,,-0.20192445575405485,0.4846135085144783,0.5772916567602567,0,-0.15533354734902674,-0.026499881052353607,-0.31628833675469115,0.07839653739156134
206,000959,银河99,99.0,,-0.2812741866092289,0.7718310198921337,0.8862871218062969,0,-0.6591247077419756,0.25725469688531066,-0.7670806102688152,-0.016142042839690555
207,000960,中证龙头,99.0,,-0.23495559073680158,0.7606051553761709,0.8665643041240204,0,-0.5376591968217534,0.274186292684304,-0.7864815007445503,0.06785832237098297
208,000961,中证上游,50.0,,-0.14153694813403217,0.8792523847058216,0.8857143527853917,0,-0.4789323257013969,0.25078277624164025,-0.5980111899737036,0.14839696694263188
209,000962,中证中游,250.0,,-0.02626893835948739,0.830925593517543,0.8577560522917548,0,-0.46737173676413657,0.24224292683813256,-0.6423716202610492,0.25174419901955636
210,000963,中证下游,200.0,,-0.2825320415877105,0.6654011078581011,0.8634178519448763,0,-0.532721501322536,0.2958737716843976,-0.7272827775741627,-0.10324745301863093
211,000964,中证新兴,100.0,,-0.1276024519957174,0.6567611590907912,0.8028094194961177,0,-0.30096480862220926,0.23458041119959952,-0.5113838505703372,0.01412147563332785
212,000965,基本200,200.0,Smart Beta,-0.22632342718951484,0.8242778663641575,0.8454165463330172,0,-0.6012402557909017,0.22940530842158213,-0.752990282027221,0.14915900631067525
213,000966,基本400,400.0,Smart Beta,0.14372295498669402,0.8527955359677083,0.7169783139181749,0,-0.3139037186470966,0.2657380258337056,-0.327723564624538,0.38778936681237797
214,000967,基本600,600.0,Smart Beta,-0.19553409801157967,0.8443471799576477,0.8527285923794646,0,-0.5849412751862961,0.2257473368203989,-0.7319169451708524,0.18230528126840273
215,000968,300周期,125.0,,-0.29743933092637326,0.7745410585211099,0.9075328006215536,0,-0.5329258527939051,0.3080594211948257,-0.8161856164796222,-0.008881243248998173
216,000969,300非周,175.0,,-0.2351325053175107,0.7361023268784854,0.8789000445202962,0,-0.6017068038391883,0.27255282324256935,-0.737149961728391,-0.013991633592235804
217,000970,ESG 40,40.0,绿色/ESG,-0.18472999809300567,0.8389350619623821,0.8386389063768254,0,-0.592176381092696,0.23400232002501756,-0.725535628161327,0.182315754240343
218,000971,等权90,90.0,,-0.19310957258684905,0.8162080959282695,0.8842981545133138,0,-0.5955422495749713,0.22656491332504142,-0.6910496792412132,0.0888222779240775
219,000972,300沪市,186.0,,-0.24172509631016997,0.7944587643147972,0.8836371833368868,0,-0.5599940945645573,0.2769921661603714,-0.7895551049445128,0.07329216565478554
220,000975,钱江30,30.0,区域,-0.36403503802800585,0.641130390644442,0.8759815860609635,0,-0.5768271050543152,0.2650738826401542,-0.7700037018625051,-0.1735303163896851
221,000977,内地低碳,50.0,绿色/ESG,-0.24006246974895543,0.7626007394607355,0.8856922372877988,0,-0.5244528729670362,0.17245718987145642,-0.6725196030081468,0.04750325646993007
222,000978,医药100,100.0,,0.2932985185165778,0.1840981274299951,0.1293702883809308,0,0.2968327578314845,0.22055944680823875,0.21152574328835222,0.20991358095367688
223,000979,大宗商品,95.0,,-0.023143034231738545,0.8790908210637409,0.810523835489072,0,-0.35557110716410895,0.2521637531977745,-0.45155711770777657,0.26432727115861127
224,000980,中证超大,50.0,,-0.22604676415994357,0.8093765990446815,0.8272444411720131,0,-0.6087058624924703,0.21761618032875332,-0.7490541028979574,0.1475496720013578
225,000981,300分层,300.0,,-0.10418198130026313,0.8492047006612494,0.8591058352738926,0,-0.5157472543017032,0.2356959012340181,-0.6763840863033489,0.23499478571784796
226,000982,500等权,500.0,,0.4735711308795009,0.5093108056310399,0.24050966780000052,0,0.22489972042289982,0.17635813173954135,0.24213679030468735,0.576816716309199
227,000983,智能资产,180.0,,0.517311086514924,-0.19369452652270228,-0.37887109286712345,0,0.7385855089163957,-0.021390972493073236,0.6919643889614244,0.40164817107220635
228,000984,300等权,300.0,,0.002551530818783061,0.8088865369434332,0.7947795925438973,0,-0.4120461764148173,0.2756337835699152,-0.48143493184946784,0.22488880535699676
229,000998,中证TMT,100.0,,0.27594401200485674,-0.45334410973490064,-0.4321015273218404,0,0.7532048663128363,-0.055569991992576645,0.6221070366867992,0.006296754233691827
230,399001,深证成指,,,-0.09018375104687414,0.4933180715830863,0.6798194182585766,0,-0.10933728533228076,0.27210552046800424,-0.3788485386330542,-0.0339943608353527
231,399231,农林指数,28.0,,0.48255111465783135,-0.5080185022775989,-0.44761203760855256,0,0.8399087837202516,0.23855849092897574,0.6393462395387477,-0.02264208278196135
232,399234,水电指数,44.0,,0.7694541077771387,-0.028026881388099802,-0.5174914060741895,0,0.563904036878937,-0.04649964004619446,0.836189634321088,0.7388286287728537
233,399235,建筑指数,53.0,,0.5139598914788962,0.33516847944293326,-0.06265153164265817,0,0.19114931465827384,0.032193740273539474,0.4276383822004635,0.675916497467704
234,399236,批零指数,67.0,,0.7247644547997616,-0.1632945237025495,-0.4471720969576687,0,0.7244066216721908,0.09454582890124995,0.7878239070957491,0.512912177426748
235,399238,餐饮指数,6.0,,0.675509814677388,-0.25964274172984003,-0.642026127430289,0,0.6417017062971052,-0.04452469022866096,0.8574309605855347,0.5524816460109097
236,399242,商务指数,31.0,,0.3956751418380487,-0.7353881039771066,-0.708403225298953,0,0.8451184312564956,-0.026105015434099016,0.7576014834653301,-0.047272565329085386
237,399248,文化指数,32.0,,0.27544892323924525,-0.7678410981366928,-0.7484487737417892,0,0.7648853819458395,-0.08600769476407599,0.7268785694993888,-0.1002350736540627
238,399314,巨潮大盘,200.0,,-0.29118157045044246,0.7398777078681859,0.9090744550573678,0,-0.6134536693418564,0.2761967296380727,-0.7731796924541018,-0.07031996685306399
239,399315,巨潮中盘,300.0,,0.270731120682315,0.4238375499197455,0.4175171926268178,0,0.17493613056079577,0.2820169491712168,0.032429370681695276,0.21091190633316137
240,399971,中证传媒,50.0,,0.2907419408588105,-0.7424054487253089,-0.7364105402476363,0,0.8009454041042211,-0.07947610260311345,0.7565298740598432,-0.09182237191315773
241,399316,巨潮小盘,500.0,,0.6069014599027314,-0.04106850075092571,-0.3333645127625603,0,0.673544318595062,0.035087993162084496,0.716338625028415,0.511775579456797
242,399319,资源优势,100.0,,0.11042648406707924,0.8452821679464564,0.7176781205290105,0,-0.23356944401144672,0.27356528398750496,-0.3111050310366854,0.34128637277010154
243,399321,国证红利,50.0,,-0.3301273054492211,0.7363387766454416,0.8993761795071807,0,-0.6697268967767168,0.265087289631366,-0.8062483064564758,-0.088808304512629
244,399335,深证央企,,,-0.10912880965781693,0.6669174445865431,0.7033303105456313,0,-0.336366429138687,0.12424623552931098,-0.39883733993303716,0.11869445179793202
245,399337,深证民营,,,-0.2950076358162708,0.4285140185947436,0.7410741636917128,0,-0.21271924591215727,0.2360732660944072,-0.5439957772759958,-0.22343016862665807
246,399353,国证物流,40.0,,-0.18055284456399423,0.717462804887991,0.8902257050888804,0,-0.5925185493368024,0.3490645492878702,-0.7250052697813297,-0.03322107327035525
247,399354,分析师指数,100.0,,-0.43060681099626996,0.6990398363430108,0.935209366148756,0,-0.6807776444939233,0.28125940910987673,-0.8765030089772258,-0.336181062836855
248,399355,长三角指数,40.0,,-0.20657868134809318,0.7955069059000004,0.8710575871119086,0,-0.565362487236676,0.22133064397827973,-0.6732476257088497,0.06942909029038202
249,399356,珠三角指数,40.0,,-0.414361871933512,0.6668005590317823,0.9113498573044936,0,-0.6521697297893058,0.25920661880764,-0.8451935084394606,-0.20265337243394607
250,399357,环渤海指数,40.0,,-0.0834740296421843,0.8035055015111346,0.8255010956926361,0,-0.626880034233296,0.27522189592186425,-0.662200085841025,0.14612278663492936
251,399360,新硬件,100.0,,0.1976908042874318,-0.566277172161891,-0.40262088217527053,0,0.7047124784444844,-0.05179695809933375,0.5086630154944002,-0.18592704914031052
252,399361,国证商业,40.0,,0.12638706910070877,0.7797334442943107,0.6783752857234956,0,-0.40670363145345445,0.23073535122337033,-0.389715923549952,0.3847863866950129
253,399362,国证民营,180.0,,-0.2545244416522951,0.5649669380880875,0.8284812271194973,0,-0.3320357634275971,0.30107075251012627,-0.6153172239587151,-0.16467554883558863
254,399363,计算机指,100.0,,0.04284684084704869,-0.3446958700505421,-0.1185346731074819,0,0.5797674505460577,0.036206940604005915,0.2874557319957779,-0.22841140704589247
255,399392,国证新兴,100.0,,-0.011029853563862468,0.6069663972906947,0.7356221609120412,0,-0.14673059381057896,0.2512025489319902,-0.3837176143106311,0.0867688754765672
256,399398,绩效指数,100.0,,-0.22502587053319534,0.7463756828941469,0.830509604698847,0,-0.5665986226921428,0.24536789758904867,-0.6703741610212804,0.03987533001038669
257,399402,周期100,100.0,,-0.2981789733140092,0.758662771103151,0.9192683822973774,0,-0.5896707550361762,0.25339934295981753,-0.7521413345000378,-0.058099877612868264
258,399403,防御100,100.0,,-0.2683760698780319,0.6673486707080275,0.8621932696224743,0,-0.5354843807976433,0.3011462319774548,-0.7299008065593995,-0.09172078494659834
259,399412,国证新能,70.0,,0.13937535740911244,0.39567920381838056,0.37011790846121806,0,0.2255401836900624,0.07268558835464017,0.026144009524897184,0.2691715552173255
260,399417,新能源车,50.0,,-0.18012935754631232,0.33954327660929534,0.4205527267475823,0,0.07824884512056504,-0.07360233611871561,-0.1597755949605756,0.0714930426407161
261,399418,国证国安,100.0,,0.543842989562416,-0.029526615362346843,-0.1346392602334909,0,0.6644697541087272,0.15987304988847642,0.5448766158655007,0.3094539758283227
262,399419,国证高铁,50.0,,0.649121235609754,0.5103929401154416,0.047895635502890034,0,0.08608262747604935,0.08076774971039659,0.34167782730554613,0.8452135950678331
263,399420,国证保证,30.0,,-0.11633434925226663,0.6788057102147678,0.7269901884676034,0,-0.31118964559572715,0.15659130831550291,-0.4453161898374689,0.11256138509199824
264,399431,国证银行,,,-0.28446559684916206,0.774923948679612,0.8817041181387992,0,-0.6135703181163815,0.26235372844295785,-0.7333824693244296,-0.03841868052703028
265,399435,国证农牧,41.0,,0.5120510644559881,-0.5258930174955097,-0.4122677655481283,0,0.8473200945578009,0.30099014741114727,0.5914143531361211,-0.04905402691744353
266,399437,国证证券,,,0.41206669242250443,0.09337658579781556,-0.1325052983250734,0,0.46285407383034927,-0.03252528179392698,0.4784356958911128,0.3975659269812114
267,399439,国证油气,,,0.6563840655349599,0.5233016145340432,0.2308916947334386,0,-0.012994766026776598,0.4913632451652418,0.08788735591296902,0.5549107591397495
268,399440,国证钢铁,,,-0.06758373495678147,0.9104424381891129,0.8859412521049116,0,-0.5918249967119579,0.2737878898901551,-0.6236158704061585,0.20377186852487195
269,399441,生物医药,30.0,,0.06958070759689508,0.05498840531900874,0.23048181855272032,0,0.30285580194254796,0.2479294078263305,0.029780234014192303,-0.10731427917318961
270,399701,深证F60,60.0,Smart Beta,-0.29512422248974346,0.7442286819788159,0.8905313587890086,0,-0.6573511273661021,0.2583222638027153,-0.7833123373974131,-0.05210907678438302
271,399702,深证F120,120.0,Smart Beta,-0.26647565050427136,0.7648047619224866,0.8924229907669552,0,-0.6399616439617888,0.26300225978266734,-0.7611966341184643,-0.01934662150341446
272,399703,深证F200,200.0,Smart Beta,-0.23873101034782232,0.7814137298344117,0.885691379176467,0,-0.6239115924482244,0.2595999402678435,-0.7344843967665927,0.019296497772587125
273,399704,深证上游,50.0,,0.08990537156514651,0.7731340206447436,0.6332370693202003,0,-0.13543596589441007,0.10464744311432375,-0.22469320475827886,0.3851530690812614
274,399705,深证中游,150.0,,-0.17257538827477634,0.7316620148775537,0.8333835286888265,0,-0.4480680923802449,0.18038170679985524,-0.5884852717988835,0.08254612240693539
275,399706,深证下游,100.0,,-0.34657758019830315,0.5081027570168,0.8056552808010947,0,-0.41719137544792284,0.31126845969980127,-0.688175554397106,-0.2558402124342516
276,399707,CSSW证券,32.0,,0.4365220931560261,0.010795043041643295,-0.21788355290304706,0,0.5225695209050664,-0.044969104467102144,0.5482347430430894,0.38552662283513667
277,399802,500深市,265.0,,0.3423568994993353,0.42636907760377946,0.2694566135331155,0,0.24966662669839113,0.13723113053905175,0.1808003478951258,0.4348702619735848
278,399803,工业4.0,30.0,,0.1761301870098602,-0.04884613228369014,-0.007378781476118687,0,0.5311176833771817,-0.0061746183581712025,0.32258932527321854,0.10284072652311164
279,399804,中证体育,19.0,,0.4847157707680609,-0.6780344136141311,-0.8041258421936173,0,0.8013000066707296,-0.07768118458867365,0.8568475620188456,0.12537913839733653
280,399805,互联金融,82.0,,0.32580575717766375,-0.4698121831907137,-0.3806917515905117,0,0.7769639371316989,0.057185528702668735,0.5692246102742646,-0.04209171770843168
281,399806,环境治理,50.0,绿色/ESG,0.40692869927510184,0.4415143000703129,0.01738702094285044,0,0.03160710220528142,-0.1101151118077688,0.2840799185030015,0.7426748397778309
282,399807,高铁产业,26.0,,0.8127784416954886,0.18332316202432744,-0.12457238151991755,0,0.30164493387213376,0.20771023926501522,0.4519485877497224,0.6904597211906044
283,399808,中证新能,80.0,绿色/ESG,0.03042594158712141,0.5615363502914548,0.6444879378012648,0,-0.021734238320572575,0.18104076600446015,-0.2699130368205787,0.16761643866678544
284,399809,保险主题,20.0,,-0.42774700265186244,0.7053154605980405,0.9156316342175982,0,-0.6911825894835826,0.2082887195126363,-0.847067077192368,-0.15880726867711634
285,399810,CSSW传媒,50.0,,0.34059495528501965,-0.7431633769367916,-0.7637075686161072,0,0.7918373982383689,-0.08022593562840014,0.7767745693092368,-0.052246142786926464
286,399811,CSSW电子,96.0,,-0.2568031486197382,0.6749449629216409,0.8163990253662736,0,-0.4443067405561515,0.1284169097915468,-0.6267723481446525,0.02543886874538206
287,399812,养老产业,80.0,,-0.1221309824847229,0.3851590935158326,0.5492212266995753,0,-0.12317397361087079,0.26458912255283384,-0.31199608948737456,-0.06849977981434971
288,399813,中证国安,164.0,,0.5369450437126193,-0.5583929369527838,-0.643400070405826,0,0.8877290169439458,-0.003574549435439584,0.8214443196150029,0.15207502149272686
289,399814,大农业,50.0,,0.435961722053544,-0.29900987432380477,-0.09248054878903457,0,0.7174806408430466,0.44108431676655313,0.36662180487546603,-0.14250800423877233
290,399817,生态100,79.0,绿色/ESG,0.16517538921637817,0.7028174957931776,0.3910086438634772,0,-0.3054250291922177,-0.03067655321924609,-0.11270876549248916,0.5892785146877257
291,399959,军工指数,48.0,,0.6889568974244313,-0.48170696001065655,-0.6808760856817914,0,0.837269698173007,0.012586310108044289,0.8864650263972783,0.2864754471313588
292,399965,800地产,46.0,,-0.057955317328365286,0.34421965876739113,0.5405448138545546,0,-0.14817174912689401,0.44305902246602175,-0.3701841675774126,-0.19832258543290665
293,399966,800证保,45.0,,-0.21910366528963165,0.7450400143839148,0.8245118238644519,0,-0.47340972167097883,0.172316591088351,-0.5957647774281929,0.056078675057702664
294,399967,中证军工,47.0,,0.7056600656235797,-0.4826918395046548,-0.6861956138021159,0,0.8425832989747748,0.02162017556375421,0.8901755055438776,0.29686554735918563
295,399970,移动互联,100.0,,-0.048144248552656255,-0.24419889491966013,0.09950166179778144,0,0.4338618377144459,0.09602274463279743,0.07199370583611561,-0.318834069565843
296,399972,300深市,114.0,,-0.3211868543020477,0.654326176680465,0.8861092772159543,0,-0.5294951503995419,0.27683829456451114,-0.7445951322082655,-0.14618979382837838
297,399973,中证国防,30.0,,0.6799086464877019,-0.4550902500073619,-0.682747413557433,0,0.8307596862454724,0.01051808950905113,0.9007916801805385,0.3040240100305104
298,399974,国企改革,100.0,国企改革,-0.06141565757753908,0.8257664896211094,0.8144643198173346,0,-0.6092180572653262,0.2813565425290406,-0.6194972609453454,0.19074651455757163
299,399975,证券公司,34.0,,0.43271466419143234,-0.013071977136715386,-0.228952297949147,0,0.5377587255978906,-0.044484288273314444,0.5525781801093104,0.3677478458203497
300,399976,CS新能车,37.0,绿色/ESG,-0.049837239710138016,0.2627597254537537,0.31895531007984806,0,0.21119285720534103,-0.0931473675893125,-0.04050815337210859,0.15041065472183054
301,399983,地产等权,16.0,,-0.08565088495175315,0.47372447083194585,0.5979932996850449,0,-0.3379943341821329,0.39300469853961056,-0.4667079155514708,-0.09579936077141209
302,399986,中证银行,26.0,,-0.252236733217599,0.7837993648245755,0.8690484394634057,0,-0.6043758978063657,0.26674808051129123,-0.7093328022798157,-0.005424790164668033
303,399987,中证酒,27.0,,-0.25764521678119146,0.7337744049757047,0.8721127624708395,0,-0.5563671432760352,0.2711573405079013,-0.7314745954731944,-0.02129037752383269
304,399989,中证医疗,39.0,,0.39096630920459213,-0.6321457296565804,-0.6566869991050696,0,0.8543577107124021,0.0010000929957349467,0.7765549978344085,0.012865345911190372
305,399990,煤炭等权,29.0,,0.02867995153679359,0.8548817829754614,0.6602887610980382,0,-0.30713744564201056,0.16861139699898126,-0.27395017378203984,0.378829077556679
306,399991,一带一路,80.0,,0.262777286531423,0.8142303066948727,0.6382579633676612,0,-0.46061968616116417,0.29983034979184214,-0.3588310666555065,0.47165334143863047
307,399992,CSWD并购,86.0,事件驱动,0.6660242507665128,-0.3086843175606448,-0.46425347769017683,0,0.792014867814526,0.12652585949046416,0.7696897702570542,0.3136118704069861
308,399993,CSWD生科,45.0,,0.15039533114359258,-0.1327385452075703,-0.005064776400821271,0,0.48892429770613516,0.1629060132461004,0.25144634279813805,-0.05343587367205626
309,399994,信息安全,100.0,,0.22222742703737633,-0.5567050115487713,-0.3792416866442339,0,0.7926387881592466,0.05377782917621548,0.5180338041252509,-0.18457809333398822
310,399995,基建工程,50.0,,0.3670653716420154,0.7497017190386022,0.41902755395051056,0,-0.38113169147929205,0.15001091356907253,-0.1449477240100416,0.658553019459314
311,399996,智能家居,100.0,,0.22776659507323635,-0.36410444212410586,-0.29942442201568076,0,0.6950915386609671,-0.04671777243807174,0.5141735049100019,0.0012648419101570993
312,399997,中证白酒,17.0,,-0.3315974211783072,0.7092189095338939,0.8891509856105348,0,-0.6069929813031875,0.2511561555468533,-0.7931456560139678,-0.09332248401045602
313,399998,中证煤炭,29.0,,-0.03439844676931737,0.8700594978710282,0.7229461319459036,0,-0.38981138022124756,0.1995882263017674,-0.36933298257217223,0.30927049061287143
